Material_URL,NeuroImage articles
humanconnectome.org,28
db.humanconnectome.org,22
humanconnectome.org/study/hcp-young-adult,12
humanconnectome.org/study/hcp-young-adult/document/1200-subjects-data-release,10
humanconnectome.org/study/hcp-young-adult/data-use-terms,2
protocols.humanconnectome.org/hcp/7t,1
wiki.humanconnectome.org/display/publicdata/how+to+connect+to+connectome+data+via+aws,1
humanconnectome.org/data,1
humanconnectome.org/disease-studies,1
humanconnectome.org/study/hcp-lifespan-aging,1
humanconnectome.org/study/hcp-lifespan-aging/data-releases,1
humanconnectome.org/study/hcp-lifespan-aging/page/recruitment,1
humanconnectome.org/study/hcp-young-adult/data-releases,1
humanconnectome.org/study/hcp-young-adult/document/500-subjects-data-release,1
humanconnectome.org/study/hcp-young-adult/document/extensively-processed-fmri-data-documentation,1
