Material_URL,Count in articles
surfer.nmr.mgh.harvard.edu,48
humanconnectome.org,28
db.humanconnectome.org,22
clinicaltrials.gov,20
adni.loni.usc.edu,17
neurosynth.org,12
humanconnectome.org/study/hcp-young-adult,12
humanconnectome.org/study/hcp-young-adult/document/1200-subjects-data-release,10
ﬁl.ion.ucl.ac.uk,9
abcdstudy.org,8
brain-development.org/ixi-dataset,7
coins.trendscenter.org,5
itksnap.org/pmwiki/pmwiki.php,5
nda.nih.gov/abcd,4
neurovault.org,4
brainmap.org,4
openneuro.org,4
github.com,4
human.brain-map.org,4
nda.nih.gov/edit_collection.html?id,3
cam-can.org,3
github.com/thomasyeolab/cbig,3
registry.opendata.aws/hcp-openaccess,3
fcon_1000.projects.nitrc.org/indi/abide/abide_ii.html,3
osf.io,3
fcon_1000.projects.nitrc.org/indi/retro/mpi_lemon.html,3
bids.neuroimaging.io,3
ida.loni.usc.edu/login.jsp,3
nda.nih.gov,3
ida.loni.usc.edu,3
adni.loni.usc.edu/data-samples/access-data,3
mrc-cbu.cam.ac.uk/datasets/camcan,3
humanconnectomeproject.org,3
oasis-brains.org,3
ukbiobank.ac.uk,3
developingconnectome.org,3
enigma.ini.usc.edu/protocols/imaging-protocols,2
pixabay.com,2
mcgill.ca/bic/resources/omega,2
mne.tools,2
atlas.brain-map.org,2
fcon_1000.projects.nitrc.org/indi/abide/abide_i.html,2
loni.usc.edu,2
fcon_1000.projects.nitrc.org/indi/enhanced,2
humanconnectome.org/study/hcp-young-adult/data-use-terms,2
datalad.org,2
nitrc.org/projects/mcalt,2
aibl.org.au,2
balsa.wustl.edu,2
pexels.com,2
portal.dementiasplatform.uk/apply,2
zenodo.org,2
openfmri.org/dataset/ds000224,2
repository.cam.ac.uk/handle/1810/252736,2
radc.rush.edu,2
camcan-archive.mrc-cbu.cam.ac.uk/dataaccess,2
cam-can.org/index.php?content,2
ppmi-info.org,2
nihtoolbox.org,2
osf.io/bndjg,1
osf.io/9q4rp/?,1
openneuro.org/datasets/ds000117,1
openneuro.org/datasets/ds000030,1
osf.io/8nbd4,1
osf.io/8qfw4/?view_only,1
openfmri.org/dataset/ds000117,1
osf.io/8zctp,1
openfmri.org/dataset/ds000030,1
osf.io/9q4rp/?view_only,1
osf.io/bkn64,1
osf.io/a2cqh,1
osf.io/cma6p,1
osf.io/c8sxh,1
osf.io/amsk2/?view_only,1
osf.io/b4qkp,1
osf.io/b8pfa/?view_only,1
osf.io/bjna4,1
osf.io/c4gv6,1
nitrc.org/projects/tmbta_2019,1
osf.io/72w38,1
osf.io/7kqvh,1
osf.io/4rmex/?view_only,1
openneuro.org/datasets/ds004033,1
openneuro.org/datasets/ds003959/versions/1.0.1,1
openneuro.org/datasets/ds004097,1
openneuro.org/datasets/ds003745,1
osf.io/d3nkc,1
osf.io/2vw6j,1
openneuro.org/datasets/ds003673,1
osf.io/3s89p,1
openneuro.org/datasets/ds003401/versions/1.0.1,1
osf.io/4q3tz,1
osf.io/5fmpk/?view_only,1
openneuro.org/datasets/ds004056,1
openneuro.org/datasets/ds003171/versions/1.0.0,1
osf.io/5mqpb,1
openneuro.org/datasets/ds003059/versions/1.0.0,1
osf.io/67wpg,1
osf.io/6jm2r,1
openneuro.org/datasets/ds000224/versions/1.0.3,1
osf.io/6waj9/?view_only,1
osf.io/6ykqh,1
openneuro.org/datasets/ds000224/versions/00002,1
osf.io/72ebd,1
osf.io/cx8a9,1
osf.io/m3p7t,1
osf.io/db9u4,1
portal.nersc.gov/project/crcns/download/v1v2-1,1
protocols.humanconnectome.org/hcp/7t,1
progressivemsalliance.org,1
preprocessed-connectomes-project.org/adhd200,1
preprocessed-connectomes-project.org/abide/index.html,1
preprocessed-connectomes-project.org/abide,1
preprocessed-connectomes-project.org,1
portal.dementiasplatform.uk/analysedata/analysisenvironment,1
osf.io/ecvq8,1
photo-ac.com,1
phi-group.top/resources.html,1
paris-saclay-cds.github.io/autism_challenge,1
osf.io/zp6kv,1
osf.io/zcahs,1
osf.io/zaef2,1
qmenta.com/irontract-challenge,1
search.kg.ebrains.eu,1
search.kg.ebrains.eu/instances/cd4c0231-f9d6-4964-9763-54347029dd00,1
sites.google.com/view/calgary-campinas-dataset/hypothalamus-benchmark,1
sites.google.com/view/pinstudy,1
sleepdata.org,1
solar-eclipse-genetics.org/index.html,1
adni.loni.usc.edu/about,1
synapse.org,1
things-initiative.org,1
tinyurl.com/pereiraneuroimage,1
ukserp.ac.uk,1
unicore.eu,1
uniklinikum-leipzig.de/einrichtungen/life,1
userpage.fu-berlin.de/rmcichy/fusion_project_page/main.html,1
wiki.humanconnectome.org/display/publicdata/how+to+connect+to+connectome+data+via+aws,1
zenodo.org/record/5053234,1
osf.io/z83mw/?view_only,1
osf.io/yzhbk,1
osf.io/yfms7,1
osf.io/pcvt5,1
osf.io/eucqf,1
osf.io/eufd6,1
osf.io/fm7cq/?view_only,1
osf.io/fsqaj,1
osf.io/g3wkq,1
osf.io/gazx2,1
osf.io/hvknp,1
osf.io/jkcys,1
osf.io/k3xce,1
osf.io/kuxqt,1
osf.io/mv47n,1
osf.io/mx49d,1
osf.io/n2cez,1
osf.io/nhtur,1
osf.io/psv5m,1
osf.io/y6rc3,1
osf.io/q9s5k,1
osf.io/qgdn9/declaration,1
osf.io/rmhpe,1
osf.io/s4ydx,1
osf.io/snq2d,1
osf.io/tk3mr,1
osf.io/tsz47,1
osf.io/u7sbf,1
osf.io/v9px7,1
osf.io/vybwm,1
osf.io/w9vte,1
osf.io/wh4ua,1
osf.io/y3k5f,1
osf.io/y6kmg,1
nitrc.org/projects/sigma_template,1
balsa.wustl.edu/study/7qmqx,1
nitrc.org/projects/biggaba,1
developingconnectome.org/project,1
drcmr.dk/powder-averaging-dataset,1
dropbox.com/sh/3w4aeizgypfs7sd/aab-w8yn5qdufebj90wksbqaa?dl,1
dropbox.com/sh/tb694nmpu2lbpnc/aabku,1
drum.lib.umd.edu,1
eegstudy.org,1
en.wikipedia.org/wiki/point_spread_function,1
exp.lobi.nencki.gov.pl,1
exp.lobi.nencki.gov.pl/nawl-analysis,1
fcon_1000.projects.nitrc.org/indi/abide,1
fcon_1000.projects.nitrc.org/indi/cmi_healthy_brain_network/index.html,1
fcon_1000.projects.nitrc.org/indi/cmi_healthy_brain_network/sharing.html,1
fcon_1000.projects.nitrc.org/indi/enhanced/neurodata.html,1
fcon_1000.projects.nitrc.org/indi/indiprime.html,1
fcon_1000.projects.nitrc.org/indi/retro/yale_hires.html,1
francismanno.github.io/fmanno,1
fsl.fmrib.ox.ac.uk/fsl/fslwiki/atlases,1
fsl.fmrib.ox.ac.uk/fsl/fslwiki/fsl_anat,1
fz-juelich.de/inm/inm-1/jugex),1
gaain.org,1
gin.g-node.org/g-node,1
github.com/annesaulin/complex_motivations,1
github.com/bmhlab/dicer.git,1
github.com/brain-networks/edge-ts,1
github.com/brainmodes/review_dynamicprimitives,1
github.com/cirmuw/functional-twin-analysis,1
github.com/datalad-datasets/human-connectome-project-openaccess,1
github.com/delislab,1
github.com/delshadv,1
github.com/delshadv/mri_meg_combination,1
diedrichsenlab.org/imaging/suit.htm,1
data.mendeley.com,1
nist.gov/programs-projects/quantitative-mri,1
data.donders.ru.nl/login,1
bicr-resource.atr.jp/srpbsts,1
bigbrain.loris.ca,1
biobank.ctsu.ox.ac.uk,1
brain-development.org,1
brain-map.org,1
brain.labsolver.org/diﬀusion-mri-templates/hcp-842-hcp-1021,1
brainclinics.com/resources,1
braindecode.org,1
brainlife.io/apps,1
brainlife.io/datasets,1
brainnetome.org,1
brainsimagebank.ac.uk,1
brainspan.org/static/download.html,1
central.xnat.org,1
chd.ucsd.edu/research/ping-study.html,1
childmind.org,1
chimpanzeebrain.org,1
civmvoxport.vm.duke.edu,1
balsa.wustl.edu/study/7,1
cloudstor.aarnet.edu.au/plus/s/x70whj2pzl3tmn4,1
cncorpus.org,1
cnda.wustl.edu/app/template/login,1
codalab.lisn.upsaclay.fr/competitions/7583,1
connectomeproject.org/data/hcp-project,1
crcns.org,1
crcns.org/data-sets/pfc/pfc-5/about-pfc-5,1
dandiarchive.org,1
dandiarchive.org/dandiset/000244,1
data.developingconnectome.org/structural,1
github.com/frdarya/learningrate,1
github.com/hhonar/mdapproach_ps.git,1
github.com/honglabthu/mi-bci,1
github.com/jbrown81/gradients,1
kaggle.com/competitions/eeg-biometric-competition/data,1
kg.ebrains.eu,1
knightadrc.wustl.edu/research/resourcerequest.htm,1
litteratureaudio.com,1
macc.sg,1
marmosetbrainconnectome.org,1
marmosetbrainconnectome.org/download.html,1
massive-data.org,1
meguk.ac.uk/contact,1
memory.psych.upenn.edu/data,1
mlsp.umbc.edu/simulated_fmri_data.html,1
mouse.brain-map.org/agea,1
mrc.ukri.org/research/policies-and-guidance-for-researchers/data-sharing,1
adni.loni.usc.edu/methods/pet-analysis-method/pet-analysis,1
naturalscenesdataset.org,1
ncbi.nlm.nih.gov/projects/gap/cgi-bin/study.cgi?study_id,1
ncfwp.org,1
balsa.wustl.edu/study/show/mdbp0,1
nda.nih.gov/ccf/lifespan-studies,1
nda.nih.gov/general-query.html?q,1
neuromorpho.org,1
neurostars.org/t/multi-echo-anatomical-mri-bids-questions/17157,1
neurovault.org/collections/11009,1
neurovault.org/collections/12205,1
neurovault.org/collections/1952,1
neurovault.org/collections/5879,1
neurovault.org/collections/9212,1
neurovault.org/images/1401,1
nifti.nimh.nih.gov,1
kaggle.com/competitions/eeg-biometric-competition,1
ieeg.org,1
ideas-study.org/original-study/data-request,1
github.com/thomasyeolab/ooi2022_mmp_hcp,1
github.com/jessie-mosso/dwmrs-mppca,1
github.com/mathesong/simba_materials,1
github.com/miclab-unicamp/hypast,1
github.com/netneurolab/hansen_gene-receptor,1
github.com/neuroa,1
github.com/nichalas,1
github.com/plus-microstate/toolbox,1
github.com/quantitative-mri-and-in-vivo-histology/ls_axon_segmentation,1
github.com/raj-lab-ucsf,1
github.com/raj-lab-ucsf/spectrome-revisited,1
github.com/rhyang2021/data-code4tvgcsdn,1
github.com/ruikechen/fetal-brain-dmri-atlas,1
github.com/sunlianglong/structural-insight-into-individual-functional-variability,1
gwas.mrcieu.ac.uk,1
ideas-study.org/original-study,1
habs.mgh.harvard.edu,1
hdl.handle.net/11633/di.dccn.dsc_3011020.09_236,1
headit.ucsd.edu,1
human.brain-map.org/static/download,1
ausnc.org.au/corpora/ice),1
humanconnectome.org/data,1
humanconnectome.org/disease-studies,1
humanconnectome.org/study/hcp-lifespan-aging,1
humanconnectome.org/study/hcp-lifespan-aging/data-releases,1
humanconnectome.org/study/hcp-lifespan-aging/page/recruitment,1
humanconnectome.org/study/hcp-young-adult/data-releases,1
humanconnectome.org/study/hcp-young-adult/document/500-subjects-data-release,1
humanconnectome.org/study/hcp-young-adult/document/extensively-processed-fmri-data-documentation,1
mrshub.org,1
